4;ku;713098132654043137;cs;Thu Mar 24 21:20:18 CET 2016;PapeÅ¾ prÃ½ umÃ­rÃ¡! Benedikt se pÅ™ipravuje na setkÃ¡nÃ­ s Bohem,tvrdÃ­ kardinÃ¡l,,,,,
1;po;713098133593522177;cs;Thu Mar 24 21:20:18 CET 2016;PoslankynÄ› ANO tvrdÄ› o BabiÅ¡ovi: KliÄkuje,nevÃ­m,zda mu vÄ›Å™it,,,,
0;-;713098134579253249;cs;Thu Mar 24 21:20:18 CET 2016;SvÄ›tlana z Ulice ukÃ¡zala,co doma ukazuje LumÃ­rovi. Z fleku by se mohla Å¾ivit svÃ½m tÄ›lem!,,,,,
1;ji;713098136378597377;cs;Thu Mar 24 21:20:19 CET 2016;MÃ¡ma zahynula v terminÃ¡lu pÅ™i teroru,jejÃ­ dvojÄata s manÅ¾elem pÅ™eÅ¾ili,,,,,
1;po;713098137523654656;cs;Thu Mar 24 21:20:19 CET 2016;PÅ™Ã­liÅ¡ radikÃ¡lnÃ­ i pro nÄ›meckou pravici. AfD rozpustila svaz v SÃ¡rsku,,,,,,
0;-;713098138496679936;cs;Thu Mar 24 21:20:19 CET 2016;VIDEO: JaponskÃ½ mistr umÃ­ uspat zvÃ­Å™ata pouhÃ½m mÃ¡vnutÃ­m rukou. V Äem spoÄÃ­vÃ¡ jeho sÃ­la?,,,,,,
1;pr;713098209229414400;cs;Thu Mar 24 21:20:36 CET 2016;LimberskÃ½ a Kadlec se dnes podle mÄ› budou pÅ™etahovat o nÃ½manda zÃ¡pasu. Jinak zatÃ­m od nÃ¡rodnÃ­ho tÃ½mu sluÅ¡nÃ½ vÃ½kon. #CZEvSCO.,,,,,,
0;-;713098213390204928;cs;Thu Mar 24 21:20:37 CET 2016;dostala jsem se do nÄ›jakÃ½ divnÃ½ ÄÃ¡sti yt a obÃ¡vÃ¡m se,Å¾e uÅ¾ nenÃ­ cesty zpÄ›t,,,,,
0;-;"713098223716540416;cs;Thu Mar 24 21:20:39 CET 2016;RT @TheStudentTimes: To je prostÄ› ""lidovka""... via @janekrubes",,,,,,
0;-;713098334576181250;cs;Thu Mar 24 21:21:06 CET 2016;Limbersky hraje opilej?,,,,,,
1;ku;713098358911549441;cs;Thu Mar 24 21:21:12 CET 2016;PapeÅ¾ dnes veÅ™ejnÄ› konvertoval k islÃ¡mu. Allah Akbar!,,,,,,
0;-;713097960750518274;cs;Thu Mar 24 21:19:37 CET 2016;PozvÃ¡nka na LiveStream + info: prostÅ™ednictvÃ­m @YouTube,,,,,,
0;-;713097834912956416;cs;Thu Mar 24 21:19:07 CET 2016;MÃ­t rÃ¡d je nÄ›kdy vÃ­c,neÅ¾ milovat.,,,,,
0;-;713097926814408704;cs;Thu Mar 24 21:19:29 CET 2016;RT @Souliula: Z niÄeho nic se mi spustÃ­ slzy a jÃ¡ prostÄ› nechÃ¡pu,,,,,,
0;-;713098109027540992;cs;Thu Mar 24 21:20:12 CET 2016;Na to,jak je tato strana prezentovana,se mi zda,ze samoregulace ji neni cizi a to je znamka demokraticnosti.nebo?,,,
0;-;713098233883398145;cs;Thu Mar 24 21:20:42 CET 2016;RT @ZbytecnostSama: Kdyz se kluk umi oblict a jeste hezky voni   Aggughhavsb,,,,,,
0;-;713098349063315457;cs;Thu Mar 24 21:21:09 CET 2016;Stavyyy,,,,,,
0;-;713098207572705281;cs;Thu Mar 24 21:20:36 CET 2016;RT @dojnice: Celkem souhlasÃ­m s M. StropnickÃ½m,Å¾e prÃ¡ce je poslednÃ­ zoufalÃ½ pokus,jak si opatÅ™it prostÅ™edky k obÅ¾ivÄ›.  OvÅ¡em jÃ¡ nemÃ¡m tatâ€¦,,,,
0;-;713098423512276993;cs;Thu Mar 24 21:21:27 CET 2016;Limbersky byl asi zase na sklenicce...,,,,,,
0;-;713098588096708609;cs;Thu Mar 24 21:22:06 CET 2016;ProÄ mÃ¡m takovej pocit,Å¾e lidi jsou tak faleÅ¡nÃ½,,,,,
0;-;713098588314869762;cs;Thu Mar 24 21:22:06 CET 2016;@KohyCZ asi si dal pÅ™ed zÃ¡pasem pÃ¡r kouskÅ¯...ğŸºğŸºğŸº,,,,,,
0;-;713098669915054082;cs;Thu Mar 24 21:22:26 CET 2016;Tohle mi ÃºplnÄ› dÃ¡vÃ¡ nadÄ›ji v budoucnost lidstva. ProÄ pÅ™esnÄ› se vÅ¡ichni snaÅ¾Ã­ postavit AI?,,,,,,
1;po;713098707156086784;cs;Thu Mar 24 21:22:35 CET 2016;TOP 09: Nechceme mÃ­t v EvropÄ› ostudu: ProhlÃ¡Å¡enÃ­ poslaneckÃ©ho klubu TOP 09 a StarostovÃ©.,,,,,,
1;po;713098708640858112;cs;Thu Mar 24 21:22:35 CET 2016;VedenÃ­ AfD rozpustilo sÃ¡rskou organizaci. PÅ™edseda byl v kontaktu s pravicovÃ½mi radikÃ¡ly: RozpuÅ¡tÄ›nÃ¡ organizace se chce protiâ€¦ #ZahraniÄÃ­,,,,,,
1;po;713098712499638272;cs;Thu Mar 24 21:22:36 CET 2016;Grafika: Kalousek,Roman,"Kroupa. Do koho se strefoval Andrej BabiÅ¡ ve svÃ© ""ÄapÃ­"" Å™eÄi: Kdo vÅ¡echno BabiÅ¡ovi ""leÅ¾Ã­ v Å¾aludku""",â€¦ #DomÃ¡cÃ­,,,
1;sp;713098822109544449;cs;Thu Mar 24 21:23:02 CET 2016;V dneÅ¡nÃ­m zÃ¡pase vlastnÄ› o nic nejde,takÅ¾e z tragickÃ©ho vÃ½konu idiota LimberskÃ½ho mÃ¡m vlastnÄ› celkem radost.,,,,,
1;po;713098902753382400;cs;Thu Mar 24 21:23:21 CET 2016;ÄŒÃ­nskÃ©mu prezidentovi pÅ™edvedou i osobnÃ­ podÄ›kovÃ¡nÃ­ Mao Ce-Tunga prezidentu Klementu Gottwaldovi. To se mi ulevilo,Å¾e na nÄ›j nezapomnÄ›li.,,,,,
0;-;713098919929122817;cs;Thu Mar 24 21:23:25 CET 2016;RT @Flexter21: A kdo ste veÄer nemÃ³zovali Å¡tatlem,tady mÃ¡te malÃ³ vochutnÃ¡vku.. #brno #zelenyctvrtek2016,,,,,
1;po;713098924689661952;cs;Thu Mar 24 21:23:27 CET 2016;RT @dojnice: Na ÄÃ­nskÃ©ho presidenta bude vypÃ¡leno 21 dÄ›lostÅ™eleckÃ½ch salv.  PoÄÃ­tÃ¡m,Å¾e prvnÃ­ dvÄ› budou zÃ¡stÅ™elnÃ© a pak uÅ¾ by mÄ›li pÃ¡lit naâ€¦,,,,,
1;po;713098961226215424;cs;Thu Mar 24 21:23:35 CET 2016;Live rozklad #ANO ? @okundra: Poslankyne ANO v @Aktualnecz - Babis klickuje,laviruje,nevim,zda mu verit:,,,
1;kr;713098437567365120;cs;Thu Mar 24 21:21:30 CET 2016;RT @BohumilVostal: NeuvÄ›Å™itelnÃ©,pokud je to pravda. Salah Abdeslam byl vyslÃ½chanÃ½ jen 1 hodinu mezi zadrÅ¾enÃ­m a bruselskÃ½mi Ãºtoky. https:/â€¦,,,,,
0;-;713098693579247616;cs;Thu Mar 24 21:22:31 CET 2016;Jednou jsme s @vvvamik sdÃ­leli pokoj na rehabilitaÄnÃ­m pobytu. NÃ¡sledky fazolovÃ©ho gulÃ¡Å¡e k veÄeÅ™i nÃ¡m zpestÅ™ily noc.  #vzpominka,,,,,,
0;-;713098382902996993;cs;Thu Mar 24 21:21:17 CET 2016;Stavy jak pica,,,,,,
0;-;713098755042463746;cs;Thu Mar 24 21:22:46 CET 2016;Recept na Å¡tÄ›stÃ­ je...? :),,,,,,
0;-;713099018461646848;cs;Thu Mar 24 21:23:49 CET 2016;Fakt by mÄ› zajÃ­malo,jestli nÄ›kteÅ™Ã­ lidÃ© vÅ¯bec vÃ­ co je to VelkÃ½ pÃ¡tek,kdyÅ¾ jsou zÃ­tra doma.Nechci prudit,ale docela mÄ› to Å¡tve! #Velikonoce,,,
0;-;713099025784958980;cs;Thu Mar 24 21:23:51 CET 2016;Tohle se dÄ›je v zemi ÄlenskÃ©ho stÃ¡tu NATO??!! To se dÄ›je ve stÃ¡tu,kterÃ½ chce bÃ½t Älenem EU??!!...,,,,,
0;-;713099072538877952;cs;Thu Mar 24 21:24:02 CET 2016;RakeÅ¥Ã¡k se zaÄne uÄit plavat uÅ¾ od 5 mÄ›sÃ­cÅ¯,tak doufÃ¡m,Å¾e z nÄ›j nebude spratek nevymÃ¡chanej. AspoÅˆ vymÃ¡chanej by mohl bejt. #plÃ¡n_jak_lusk,,,,
0;-;713099156659834881;cs;Thu Mar 24 21:24:22 CET 2016;@Posledniskaut Poprava pro hosty nebude? -),,,,,,
0;-;713099198883885064;cs;Thu Mar 24 21:24:32 CET 2016;BruselskÃ¡ inkluze made in #EU...,,,,,,
0;-;713099247785218048;cs;Thu Mar 24 21:24:44 CET 2016;LÃ­bÃ­ se mi video @YouTube PaÅ™Ã¡k #26 - MMMMMMMMMMMMM,,,,,,
0;-;713099275828375552;cs;Thu Mar 24 21:24:50 CET 2016;Kvalita Buly je oproti Studiu Fotbal neporovnatelnÃ¡. Buly je dÄ›lÃ¡no tÅ™ikrÃ¡t profesionÃ¡lnÄ›ji + mÃ¡ daleko kvalitnÄ›jÅ¡Ã­ spolukomentÃ¡tory,,,,,,
1;sp;713099326592049152;cs;Thu Mar 24 21:25:02 CET 2016;@VencaJares V jasnÃ© Å¡anci po NecidovÄ› rÃ¡nÄ› selhal,ani ten mÃ­Ä netrefil. V obranÄ› ho SkotovÃ© vodÃ­. Dnes (snad) varovnÃ½ signÃ¡l pro Vrbu.,,,,,
0;-;713099449132851205;cs;Thu Mar 24 21:25:32 CET 2016;RT @Alex21_3: PÅ™edsvÃ¡teÄnÃ­ #pÅ™Ã­bÄ›hy #dÄ›kuju #omlouvÃ¡mSe #hugs,,,,,,
0;-;713099549384900609;cs;Thu Mar 24 21:25:55 CET 2016;#prostesemitolibi #superveÄer #krasnyden #uzchcujezdit #motorka na spoustu zpusobu,,,,,,
0;-;713099138813018113;cs;Thu Mar 24 21:24:18 CET 2016;@mppoky Rosa uÅ¾ myslÃ­m padla.,,,,,,
0;-;713099474315436033;cs;Thu Mar 24 21:25:38 CET 2016;a doteÄ jsme si kaÅ¾dÃ½ hrÃ¡li na vlastnÃ­m pÃ­seÄku? :-/,,,,,,
0;-;713099345881645057;cs;Thu Mar 24 21:25:07 CET 2016;RT @zrzavenestesti: Jsem celkem rada,ze jsem si prosla vsema tema srackama,protoze bez nich bych nebyla tim,cim jsem ted.,,,
0;-;713099499653214208;cs;Thu Mar 24 21:25:44 CET 2016;ode dneÅ¡ka vim,Å¾e karma vÃ¡Å¾nÄ› existuje,,,,,
0;-;713099133872111616;cs;Thu Mar 24 21:24:16 CET 2016;PotÅ™ebuju asi tak tisÃ­c pÃ¡rÅ¯ botğŸ™„,,,,,,
1;ji;"713099619152998401;cs;Thu Mar 24 21:26:12 CET 2016;PapeÅ¾ lÃ­bal nohy muslimskÃ½m uprchlÃ­kÅ¯m! ""Jsme bratÅ™i"," Å™ekl jim 
0;-;713099620084113408;cs;Thu Mar 24 21:26:12 CET 2016;BolÃ­ vÃ¡s klouby? VyleÄte je vlastnÃ­ plazmou a kyselinou hyaluronovou 
0;-;713099743216447488;cs;Thu Mar 24 21:26:42 CET 2016;@VencaJares KdyÅ¾ bude mÃ­t formu a bude podÃ¡vat dobrÃ© vÃ½kony, aÅ¥ tam je, ale takhle uÅ¾ pokraÄovat nejde. NÄ›co musÃ­ Vrba zmÄ›nit.
0;-;713099758986854400;cs;Thu Mar 24 21:26:45 CET 2016;Google chystÃ¡ Youtube Connect: PorazÃ­ oblÃ­benÃ½ Periscope? 
1;ji;713099761491054592;cs;Thu Mar 24 21:26:46 CET 2016;RT @tn_cz: PapeÅ¾ lÃ­bal nohy muslimskÃ½m uprchlÃ­kÅ¯m! Jsme bratÅ™i"," Å™ekl jim 
0;-;713099841094696960;cs;Thu Mar 24 21:27:05 CET 2016;@Roman_Vanek jste se dal na gastropaleontologii? To vypadÃ¡ jak vykopÃ¡vka z triasu! :)))
1;kr;713099887760564224;cs;Thu Mar 24 21:27:16 CET 2016;RT @BohumilVostal: NeuvÄ›Å™itelnÃ©, pokud je to pravda. Salah Abdeslam byl vyslÃ½chanÃ½ jen 1 hodinu mezi zadrÅ¾enÃ­m a bruselskÃ½mi Ãºtoky. https:/â€¦
0;-;713099932706717698;cs;Thu Mar 24 21:27:27 CET 2016;jak to mÅ¯Å¾e bez jÃ­dla nÄ›kdo dÃ¡vat? 
1;kr;713099966768685057;cs;Thu Mar 24 21:27:35 CET 2016;RT @FilipHorky: Na KlÃ¡rov dorazil autobus plnÃ½ vojÃ¡kÅ¯ s policejnÃ­mi pÃ¡skami na rukÃ¡vech. VojÃ¡ci se samopaly hlÃ­dkujÃ­ i v metru. 
0;-;713100001593978881;cs;Thu Mar 24 21:27:43 CET 2016;Ti kluci sparÅ¥anskÃ½ zatÃ­m skvÄ›lÃ­!!
0;-;713100027439263745;cs;Thu Mar 24 21:27:49 CET 2016;RT @Posledniskaut: PÄ›knÄ› to napsal David Å Å¥Ã¡hlavskÃ½: DobrÃ© â€sovÄ›ty. ÄŒili rady na teror.",,,,
0;-;713100035467051009;cs;Thu Mar 24 21:27:51 CET 2016;@Mirek_48 Za to,co je za idiota,bych ho v repre uÅ¾ nejradÅ¡i nikdy nevidÄ›l. TakÅ¾e doufÃ¡m,Å¾e dobrÃ© vÃ½kony podÃ¡vat nebude,aÅ¥ tam nenÃ­..,,
1;po;713100090794237952;cs;Thu Mar 24 21:28:05 CET 2016;KardinÃ¡l Duka poveÄeÅ™Ã­Â s ÄÃ­nskÃ½m prezidentem. DoporuÄil mu to VatikÃ¡n - Echo24.cz prostÅ™ednictvÃ­m @echo24cz,,,,,,
0;-;713100120573739008;cs;Thu Mar 24 21:28:12 CET 2016;LÃ­bÃ­ se mi video @YouTube ÄŒeskÃ½ GamePlay | Papers,Please - Part 1 | PÅ™Ã­snÃ¡ Kontrola | 1080p,,,,,
1;sp;713100246105137153;cs;Thu Mar 24 21:28:42 CET 2016;@VencaJares MÃ¡me Pudila,kterÃ½ mÄ› zatÃ­m za Vrbovy Ã©ry nezklamal (v zÃ¡pasech,co hrÃ¡l) a NovÃ¡k hrÃ¡l pouze s Turky (ale dostal mÃ¡lo Å¡ancÃ­).,,,,
0;-;713099971600465921;cs;Thu Mar 24 21:27:36 CET 2016;Jednou bych chtÄ›l mÃ­t jeho sebedÅ¯vÄ›ru. ğŸ˜€ğŸ˜€ğŸ˜€,,,,,,
1;sp;713100127578275840;cs;Thu Mar 24 21:28:13 CET 2016;Naposledy jsem byl na fotbale Bohemians Praha - Ajax Amsterdam 1:0,gÃ³l dal JiÅ™Ã­ Sloup,byl to PohÃ¡r mistrÅ¯ evropskÃ½ch zemÃ­.,,,,
0;-;713099931888783360;cs;Thu Mar 24 21:27:27 CET 2016;Za tajemstvÃ­m mayskÃ©ho kalendÃ¡Å™e - VI. Isla de Flores,Tikal,,,,,
1;po;713099960682680320;cs;Thu Mar 24 21:27:34 CET 2016;RT @echo24cz: BabiÅ¡ vzkazuje lidovcÅ¯m: PodpoÅ™Ã­me zdanÄ›nÃ­ restitucÃ­ - Echo24.cz via @echo24cz,,,,,,
0;-;713099908211982337;cs;Thu Mar 24 21:27:21 CET 2016;PokaÅ¾dÃ½,kdyÅ¾ se mi rozsvÃ­tÃ­ mobil,ÄekÃ¡m zprÃ¡vu od tebe,,,,
0;-;713099808572104706;cs;Thu Mar 24 21:26:57 CET 2016;Jsem hrdÃ½,kdyÅ¾ se daÅ™Ã­. VÄ›rnÃ½,kdyÅ¾ se nedaÅ™Ã­.,,,,
0;-;713100276165709824;cs;Thu Mar 24 21:28:49 CET 2016;LÃ­bÃ­ se mi video @YouTube od autora @jtmachinima Halo 5 Rap by JT Machinima feat. Andrea Storm Kaden -,,,,,,
0;-;713100322407915520;cs;Thu Mar 24 21:29:00 CET 2016;@Petr_Kalenda Podle nÃ¡s taky! NepochopitelnÃ½...,,,,,,
0;-;713100362761240576;cs;Thu Mar 24 21:29:09 CET 2016;RT @corinnedeviol: StejnÄ› nejvÄ›tÅ¡Ã­ radost mi udÄ›laj novÃ½ boty,,,,,,
0;-;713100367064604672;cs;Thu Mar 24 21:29:10 CET 2016;@RadekNohl â€”Pepku,vyskoÄ! â€”[KomÃ¡rek] MÃ©-Ã©-Ã©-Ã©! ÃšplnÄ› to vidÃ­m :),,,,,
0;-;713100381081968645;cs;Thu Mar 24 21:29:14 CET 2016;@VencaJares Tak jÃ¡ neÅ™Ã­kÃ¡m,Å¾e ho tam rÃ¡d vidÃ­m,je to kus vola,ale kdyby mÄ›l formu,tak proÄ ne....ZatÃ­m jeho nasazenÃ­ - velkÃ½ VrbÅ¯v omyl,,
0;-;713100388501753857;cs;Thu Mar 24 21:29:16 CET 2016;V kinÄ›,"Batman vs. Superman: ""MarkÃ©to","opovaÅ¾ se zase usnout a pak se v pÅ¯lce ptÃ¡t komu fandÃ­me.""",,,,
0;-;"713100427869429760;cs;Thu Mar 24 21:29:25 CET 2016;RT @janekrubes: MalÃ© pivo - 80 KÄ ÄŒaj - 90 KÄ SvÃ­ÄkovÃ¡ - 460 KÄ VÃ­no - 790 - 54000 KÄ  ""AreÃ¡l slouÅ¾Ã­ veÅ™ejnosti! NenÃ­ to luxusnÃ­ sÃ­dlo!"" @Aâ€¦",,,,,,
0;-;713100428129476608;cs;Thu Mar 24 21:29:25 CET 2016;@Mirek_48 VÅ¡echno lepÅ¡Ã­,neÅ¾ pan Bezmozek...,,,,,
0;-;713100431157825536;cs;Thu Mar 24 21:29:26 CET 2016;Tak ta plovoucÃ­ armÃ¡da uÅ¾ pÅ™ijde vtipnÃ¡ i mÄ›. A je teda pÄ›knÄ› hnusnÃ¡,,,,,,
713100431908536320;cs;Thu Mar 24 21:29:26 CET 2016;RT @AdamWeissPrague: Kdyby #JeÅ¾Ã­Å¡ vidÄ›l dneÅ¡nÃ­ provoz v supermarketech,tak by z mrtvÃ½ch nevstÃ¡val. #Velikonoce,,,,,
0;-;713100558077464576;cs;Thu Mar 24 21:29:56 CET 2016;Batman v Superman: Dawn of Justice 3/5 #WonderWoman nejlepÅ¡Ã­,Ben Affleck jako #Batman mi moc nesedÃ­.,,,,,
1;ku;713100575097925633;cs;Thu Mar 24 21:30:00 CET 2016;TentokrÃ¡t zavlÃ¡dla na ÃºternÃ­ch CestovatelskÃ½ch ÃºtercÃ­ch japonskÃ¡ nÃ¡lada.,,,,,,
0;-;713100584610611200;cs;Thu Mar 24 21:30:02 CET 2016;RT @TereSlad: A poukÃ¡zky na pivo budou? :-),,,,,,
0;-;713100604017664000;cs;Thu Mar 24 21:30:07 CET 2016;UÅ¾ vÃ­m jak se z KomÃ¡rka stal velbloud.....,,,,,,
1;po;713100623449825281;cs;Thu Mar 24 21:30:12 CET 2016;RT @CT24zive: PodpoÅ™Ã­m nÃ¡vrh KSÄŒM na zdanÄ›nÃ­ cÃ­rkevnÃ­ch restitucÃ­,reaguje BabiÅ¡ na lidoveckou kritiku kvÅ¯li ÄŒapÃ­mu hnÃ­zdu,,,,,
0;-;713100655330725888;cs;Thu Mar 24 21:30:19 CET 2016;LÃ­bÃ­ se mi video @YouTube BohovÃ© a hrdinovÃ© antickÃ½ch mÃ½tÅ¯: ApolÃ³n a Delfy 4.dÃ­l,,,,,,
0;-;713100686184067074;cs;Thu Mar 24 21:30:27 CET 2016;RT @cz_pontifex: VelikonoÄnÃ­ tÅ™Ã­denÃ­ je zkrÃ¡tka pamÃ¡tkou dramatu lÃ¡sky,kterÃ¡ nÃ¡m dÃ¡vÃ¡ jistotu,Å¾e v Å¾ivotnÃ­ch zkouÅ¡kÃ¡ch nikdy nebudeme opuâ€¦,,,,
0;-;713100763006898176;cs;Thu Mar 24 21:30:45 CET 2016;Fascinace spolukomentÃ¡tora rÅ¯Å¾ovou barvou skotskÃ½ch dresÅ¯ zaÄÃ­nÃ¡ bÃ½t fascinujÃ­cÃ­. #CZESCO,,,,,,
0;-;713100856242094080;cs;Thu Mar 24 21:31:07 CET 2016;RT @_JakubJanda: VÃ­te,jak vypadÃ¡ pÅ™emÃ­ra demokracie?  FandovÃ© ISIS spustili online anketu,kde by mÄ›li udeÅ™it pÅ™Ã­Å¡tÄ›.  Nekecam.,,,,
0;-;"713100900403978242;cs;Thu Mar 24 21:31:18 CET 2016;ÄŒSFD mÃ¡ seriÃ¡l ""SbÄ›ratelÃ© kostÃ­"" zaÅ™azen i do Å¾Ã¡nru ""RomantickÃ½"". Jj",to souhlasÃ­,aÅ¾ do naprostÃ©ho morku kostÃ­ a poslednÃ­ho urvanÃ©ho svalu.,,,,
1;po;713100926698004480;cs;Thu Mar 24 21:31:24 CET 2016;RT @kalousekm: BabiÅ¡ sÃ¡m sebe usvÄ›dÄil ze lÅ¾i a de facto i z podvodu.ÄŒSSD a KDU-ÄŒSL podvod a leÅ¾ tolerujÃ­ pro svÅ¯j strach a pro svÃ© pozice.,,,,,,
0;-;713100942514778118;cs;Thu Mar 24 21:31:28 CET 2016;MÃ¡m pocit,Å¾e jsem nÄ›kde udÄ›lal chybu...,,,,,
0;-;713100355085680642;cs;Thu Mar 24 21:29:08 CET 2016;KterÃ½ mÃ½tus odrÃ¡Å¾Ã­ vÃ¡Å¡ Å¾ivot?,,,,,,
0;-;713100900701761536;cs;Thu Mar 24 21:31:18 CET 2016;21:25 a jÃ¡ pÅ™epÃ­nÃ¡m z repre na dvojku,protoÅ¾e @slaviaofficial je jen jedna a je vÄ›ÄnÃ¡!!! #vecnaslavia,,,,,
0;-;713100435700195328;cs;Thu Mar 24 21:29:27 CET 2016;VÃ­m,Å¾e jsem Bestie,ale na tu Kundu tu mÃ¡me jinÃ½ lidi ! :-),,,,
0;-;713100465353986048;cs;Thu Mar 24 21:29:34 CET 2016;@n_adee docela se dÄ›sÃ­m reakcÃ­ lidÃ­ ve Å¡kole..,,,,,,
0;-;713100883056271360;cs;Thu Mar 24 21:31:13 CET 2016;Tak  #trnÄÃ¡k od @vcelarky pÅ™eÅ¾il cestu vlakem a uÅ¾ je doma. ToÅ¾ su zvÄ›davej:),,,,,,
0;-;713100909014880256;cs;Thu Mar 24 21:31:20 CET 2016;uÅ¾ nikdy nechci sledovat televizi online! ğŸ˜ #bezreklam #pancasu,,,,,,
0;-;713100742035419136;cs;Thu Mar 24 21:30:40 CET 2016;NESNÃÅ ÃM kdyÅ¾ mi nÄ›kdo Å™edÃ­ 100% dÅ¾us,aby toho vÃ­c zbylo. VÃ­te,proÄ si kupuju 100% dÅ¾us? Aby byl kurva na 100% skvÄ›lej!,,,,
0;-;713100921329332224;cs;Thu Mar 24 21:31:23 CET 2016;Navzdory 3 hodinam se mnou devce nevyuzilo prilezitosti a neskocilo z Vysehradu. Obdivuhodne.,,,,,,
0;-;713100962802581506;cs;Thu Mar 24 21:31:32 CET 2016;Po Å¡esti hodinÃ¡ch kdy jsme oba online se mu odhodlÃ¡m napsat  a on se odhlÃ¡sÃ­! Ehm Normal?,,,,,,
1;ji;713100898852081666;cs;Thu Mar 24 21:31:17 CET 2016;Google pracuje na klÃ¡vesnici pro iOS s vyhledÃ¡vacÃ­ funkÄnostÃ­.,,,,,,
0;-;713100911455895558;cs;Thu Mar 24 21:31:20 CET 2016;@kalousekm @jiri_kubik zas to nemÅ¯Å¾u s tou skromnostÃ­ pÅ™ehÃ¡nÄ›t...,,,,,,
1;po;713100962072772609;cs;Thu Mar 24 21:31:32 CET 2016;RT @MichKucera: Andrej #BabiÅ¡ nÃ¡m Å™ekl,Å¾e rodina je to nejcennÄ›jÅ¡Ã­ co mÃ¡. Pak nechÃ¡pu,proÄ ze svÃ½ch dÄ›tÃ­ udÄ›lal bÃ­lÃ© konÄ› a zapletl je do â€¦,,,,
1;sp;713100962920013824;cs;Thu Mar 24 21:31:32 CET 2016;KoneÄnÄ› zaÄÃ­nÃ¡ fotbal. VÄ›ÄnÃ¡ Slavia â¤,,,,,,
0;-;713100981148508160;cs;Thu Mar 24 21:31:37 CET 2016;ZaprÃ¡skanÃ½ normalizaÄnÃ­ vyÄÅ¯rÃ¡nek. PodlÃ½. Fujtabl. ANO,tohle je chyba vÂ systÃ©mu.,,,,,
0;-;"713101008004624387;cs;Thu Mar 24 21:31:43 CET 2016;SedÃ­m na wc a slyÅ¡Ã­m @chareos_cz jak tiÅ¡Ã­ malÃ©ho: ""JeÅ¡tÄ› chvÃ­li vydrÅ¾",jako pÅ™ebalit tÄ› zvlÃ¡dnu,"ale nakojit asi ne..."" ğŸ˜ğŸ˜",,,,
0;-;"713101083460124676;cs;Thu Mar 24 21:32:01 CET 2016;@IlonaJaniov @pavelkout soutÄ›Å¾ ""Kdo trufne JakeÅ¡e"" zdÃ¡rnÄ› pokraÄuje @RadekNohl",,,,,,
1;po;713101117085888512;cs;Thu Mar 24 21:32:09 CET 2016;RT @kroupa89: Andrej BabiÅ¡ v projevu v PSP ÄŒR dne 23. 3. lhal o mÃ©m synovi Jankovi. Daniel Kroupa,,,,,,
1;po;713101177282502656;cs;Thu Mar 24 21:32:24 CET 2016;RT @CT24zive: Kauza #NagyovÃ¡: Å½aloba slouÄila trafiky a nezdanÄ›nÃ© dary do jednoho pÅ™Ã­padu,,,,,,
0;-;713101236581580800;cs;Thu Mar 24 21:32:38 CET 2016;@SilenaMatka tÅ™eba se jen chtÄ›la proletÄ›t a lopatku vzala s sebou,aby se neztratila! #witch,,,,,
0;-;713101254034132996;cs;Thu Mar 24 21:32:42 CET 2016;Jdeme se vrhnout na noÄnÃ­ ladder.,,,,,,
0;-;713101297357029376;cs;Thu Mar 24 21:32:52 CET 2016;Na #ZelenÃ½ÄŒtvrtek vÃ½hled na zelenÃ½ Å pilberk ğŸº,,,,,,
0;-;713101324557099008;cs;Thu Mar 24 21:32:59 CET 2016;ObyÄejnÃ½ den. Ramzan Kadyrov jako vÅ¾dy,jede metrem do prÃ¡ce... :D,,,,,
0;-;713101363450871808;cs;Thu Mar 24 21:33:08 CET 2016;Tak a domÅ¯...,,,,,,
0;-;713101588462759936;cs;Thu Mar 24 21:34:02 CET 2016;ProstÄ› veÄer,,,,,,
0;-;713101144919302145;cs;Thu Mar 24 21:32:16 CET 2016;Naposledy jsem byl v kinÄ› na LidicÃ­ch. Ty vole,oni jeÅ¡tÄ› ani nenaÅ¡li tu vysÃ­laÄku a mnÄ› uÅ¾ se chtÄ›lo Äurat. Fakt drama!,,,,,
0;-;713101214444032008;cs;Thu Mar 24 21:32:32 CET 2016;LÃ­bÃ­ se mi video @YouTube StudentskÃ½ Å¾ivot na privÃ¡tÄ›,,,,,,
0;-;713101276242964481;cs;Thu Mar 24 21:32:47 CET 2016;JednoduchÃ½ pÅ™ehled stÃ¡tÅ¯ napadenÃ½ch Å¡Ã­lenÃ½mi muslimÃ¡ky od roku 1993,,,,,,
0;-;713101100480593921;cs;Thu Mar 24 21:32:05 CET 2016;Miluju seriÃ¡ly,kde holky jsou i lidma! I holky potÅ™ebujÃ­ na zÃ¡chod!,,,,,
0;-;"713101077080588289;cs;Thu Mar 24 21:32:00 CET 2016;Despicable Me - Clip: ""The girls ask Vector about his pajamas"" - Illumin... prostÅ™ednictvÃ­m @YouTube",,,,,,
0;-;713101624990949376;cs;Thu Mar 24 21:34:10 CET 2016;1.dÃ­l:PÅ™Ã­let dotacÃ­ do ÄapÃ­ho hnÃ­zda(2006) 2.dÃ­l:Dotace se z ÄapÃ­ho hnÃ­zda vracejÃ­(2016) 3.dÃ­l:BabiÅ¡-jak som se mÃ½lil v politike(zÃ¡vÄ›r),,,,,,
0;-;713101657949782017;cs;Thu Mar 24 21:34:18 CET 2016;Na dÅ¾bÃ¡nek zelenÃ©ho piva ğŸ”²ğŸº (@ DÅ™evÃ¡k in OstroÅ¾skÃ¡ NovÃ¡ Ves,Czech Republic),,,,,
0;-;713101761972727809;cs;Thu Mar 24 21:34:43 CET 2016;ó¾Œ¿ó¾†ó¾ó¾†± â€“ â€“ cÃ­tÃ­ se nemocnÄ›,,,,,,
0;-;713101815009640448;cs;Thu Mar 24 21:34:56 CET 2016;MÄ›lo by bejt nezakony vydÄ›lÃ¡vat na nÄ›ÄÃ­ smrti.,,,,,,
0;-;713101880809881600;cs;Thu Mar 24 21:35:11 CET 2016;Dokument VÄ›ÄnÃ¡ Slavia si pustÃ­m aÅ¾ pak,bez titulkÅ¯ (celkovÄ› s vypravÄ›Äem) mi to nic nedÃ¡. MusÃ­m si to pak nÄ›jak udÄ›lat pÅ™es net.,,,,,
0;-;713101901726945280;cs;Thu Mar 24 21:35:16 CET 2016;Sestra vaÅ™Ã­. JÃ¡ se cÃ­tÃ­m jakoby mÄ› pÅ™ivÃ¡zali k Å¾idli a zabÃ­jeli pÅ™edemnou koÅ¥ata!!,,,,,,
1;po;713101924200013824;cs;Thu Mar 24 21:35:22 CET 2016;RT @RadekNohl: Z postoje pana BabiÅ¡e mÃ¡m pocit,Å¾e kliÄkuje,lavÃ­ruje. NevÃ­m,zda mu mÃ¡m vÄ›Å™it,Å™Ã­kÃ¡ poslankynÄ› #ANO,,
1;po;713101958429671424;cs;Thu Mar 24 21:35:30 CET 2016;RT @CT24zive: PremiÃ©r Sobotka v PaÅ™Ã­Å¾i: ÄŒesko a Francie odmÃ­tajÃ­ pÅ™erozdÄ›lovÃ¡nÃ­ uprchlÃ­kÅ¯,,,,,,
1;po;713101978587512833;cs;Thu Mar 24 21:35:35 CET 2016;RT @fotbalova_repre: 45+1 | PrvnÃ­ poloÄas skonÄil a Skotsko vede 1:0 i pÅ™es pÅ™evahu ÄeskÃ©ho tÃ½mu.,,,,,,
0;-;713101986888028160;cs;Thu Mar 24 21:35:37 CET 2016;Nebo jako kdyby pÅ™ede mnou nechali twerkovat 200kg lady!,,,,,,
0;-;713102060292554752;cs;Thu Mar 24 21:35:54 CET 2016;Takhle vypadajÃ­ semifinÃ¡lovÃ© dvojice play-off #TELH. Souboje nejlepÅ¡Ã­ch ÄtyÅ™ech naÄne ÃºternÃ­ #SPAvPLZ!,,,,,,
0;-;713102062058340354;cs;Thu Mar 24 21:35:55 CET 2016;MÃ¡m prostÄ› chuÅ¥ se zabÃ­t! :DD,,,,,,
0;-;713102101782638592;cs;Thu Mar 24 21:36:04 CET 2016;@DrakulkaCZ @Hrobka888  UÅ¾ jsem na to pÅ™iÅ¡el,och: troubÃ­ a dupe tam HROCH!,,,,,
1;po;713102140743376896;cs;Thu Mar 24 21:36:13 CET 2016;@fnemecek69 Po VV pÅ™iÅ¡lo ANO. MÃ¡m nahnÃ¡no,co pÅ™ijde dalÅ¡Ã­ho. @IlonaJaniov @RadekNohl,,,,,
0;-;713102203507048448;cs;Thu Mar 24 21:36:28 CET 2016;A vÃ­te co? DÄ›lejte si tady s BureÅ¡em,ÄÃ¡pama a ÄŒÃ­Åˆanama co chceteâ€¦ jÃ¡ mizÃ­m na 4 dny za velkofatranskÃ½mi medvÄ›dyâ€¦,,,,,
0;-;"713102205205749760;cs;Thu Mar 24 21:36:29 CET 2016;""Ani o penis kratÅ¡Ã­!""",,,,,,
0;-;713102252278419456;cs;Thu Mar 24 21:36:40 CET 2016;UÅ¾ jo? Teeda to jsou hodnÃ­..ğŸ˜‚,,,,,,
0;-;713101687364460549;cs;Thu Mar 24 21:34:25 CET 2016;SBOHEM...,,,,,,
0;-;713101643760459778;cs;Thu Mar 24 21:34:15 CET 2016;Dnes na ZelenÃ½ Ätvrtek jsem uÅ¾ dal zelenÃ© pivo,zelenÃ½ rum a jeÅ¡tÄ› to vidim na zelenou klobÃ¡sku a zitra to na VelkÃ½ pÃ¡tek bude jistÄ›  velkÃ©.,,,,,
0;-;"713101899319345152;cs;Thu Mar 24 21:35:16 CET 2016;S pÅ™Ã­telem v kinÄ› jsme Å¡li koupit popcorn.. prodavaÄka: ""a jakÃ½ chcete? Å¡ukacÃ­?"" ğŸ˜‚ Å¡unka sÃ½r..kdyÅ¾ prodavaÄky neumÄ›j mluvit ğŸ˜…ğŸ˜…",,,,,,
0;-;713101987601125377;cs;Thu Mar 24 21:35:37 CET 2016;RT @sarushj: Jsem ten typ cloveka,co radsi posle 10 zprav nez 1 dlouhou.,,,,,
0;-;713102200151662592;cs;Thu Mar 24 21:36:27 CET 2016;@Posledniskau i kdyÅ¾ ÄÃ­st umÃ­m,stÃ¡le to celÃ© nechÃ¡pu. BuÄ jsem debil jÃ¡,nebo nÄ›kdo na hradÄ›...,,,,
0;-;713101740359434240;cs;Thu Mar 24 21:34:38 CET 2016;To Å¾e po poloÄase budeme prohrÃ¡vat s holkama v rÅ¯Å¾ovÃ½ch dresech... to jsem neÄekal. #CZESCO,,,,,,
0;-;713101688371081216;cs;Thu Mar 24 21:34:25 CET 2016;PÅ™estaÅˆ mÄ› s nÄ›kÃ½m porovnÃ¡vat.,,,,,,
1;ku;713101846378774528;cs;Thu Mar 24 21:35:03 CET 2016;JakÃ½ bude 20. roÄnÃ­k cestovatelskÃ©ho festivalu NeznÃ¡mÃ¡ zemÄ› ve ZlÃ­nÄ›? OdpovÃ­ spisovatel a dokumentarista Miroslav NÃ¡plava po 23. hodinÄ›.,,,,,,
1;sp;713101655022170112;cs;Thu Mar 24 21:34:18 CET 2016;45+1 | PrvnÃ­ poloÄas skonÄil a Skotsko vede 1:0 i pÅ™es pÅ™evahu ÄeskÃ©ho tÃ½mu.,,,,,,
0;-;713102275946921985;cs;Thu Mar 24 21:36:46 CET 2016;Tak to je taky sluÅ¡nÃ½,,,,,,
1;po;713102308125622272;cs;Thu Mar 24 21:36:53 CET 2016;BleskovÃ¡ odpovÄ›Ä @AndrejBabis na Ãºtok @PavelBelobradek za #ÄŒapÃ­HnÃ­zdo: ZdanÃ­me tunel cÃ­rkevnÃ­ restituce - @roklen24,,,,,,
0;-;713102353294049280;cs;Thu Mar 24 21:37:04 CET 2016;RT @paxart_cz: Tohle je dost trefnÄ› vyjÃ¡dÅ™eno. PlatÃ­ to na mnoha ÃºrovnÃ­ch. Civilizace pokrytectvÃ­.,,,,,,
0;-;713102419878486017;cs;Thu Mar 24 21:37:20 CET 2016;RT @zevloun: Moje investice na penzi jsou zaloÅ¾eny na Ãºvaze,Å¾e vÃ½kupnÃ­ cena pivnÃ­ch lahvÃ­ bude v Äase rÅ¯st.,,,,,
0;-;"713102491446067200;cs;Thu Mar 24 21:37:37 CET 2016;VÅ¾dy je ale prostÄ› ""hranice""...jinak se stanete ""oÅ™ezÃ¡vÃ¡tkem"" pro druhÃ©...tak bacha..Jak odpustit sÃ¡m sobÄ› a druhÃ½m",,,,,,
1;po;713102492767166465;cs;Thu Mar 24 21:37:37 CET 2016;SyrskÃ¡ opozice je po druhÃ©m kole Å¾enevskÃ½ch jednÃ¡nÃ­ spokojenÃ¡: Å½eneva - VÂ Å¾enevskÃ½ch mÃ­rovÃ½ch jednÃ¡nÃ­ch oÂ SÃ½rii se podaÅ™iloâ€¦ #ZprÃ¡vy,,,,,,
1;sp;713102524002209795;cs;Thu Mar 24 21:37:45 CET 2016;Jarda #Kudrna z @MountfieldHK ukonÄil svoji bohatou kariÃ©ru. Å koda,Å¾e se nemohl louÄit po vÃ­tÄ›znÃ©m zÃ¡pase... #jardodiky,,,,,
0;-;713102611268902912;cs;Thu Mar 24 21:38:05 CET 2016;K vÄerejÅ¡Ã­mu tÃ©matu ğŸ˜‰ pro @pskromachova a @okgre,,,,,,
0;-;713102680386830337;cs;Thu Mar 24 21:38:22 CET 2016;RT @dpavlicek: KadeÅ™ mluvÃ­ jeÅ¡tÄ› rychleji,neÅ¾ kdyÅ¾ odchÃ¡zel!,,,,,
0;-;713102716936040448;cs;Thu Mar 24 21:38:31 CET 2016;MusÃ­m uznat,Å¾e na Pavlu KadeÅ™Ã¡bkovi je s pÅ™estupem do Bundesligy vidÄ›t velkÃ½ posun - hlavnÄ› v osobnÃ­ch soubojÃ­ch obrovsky zesÃ­lil!,,,,,
0;-;713102816538140673;cs;Thu Mar 24 21:38:54 CET 2016;@Fbeyeee TakovÃ½ vÃ¡Å¾enÃ½ a vlivnÃ½ muÅ¾ a vypadÃ¡ jako kaÅ¾dÃ½ jinÃ½ debil..,,,,,,
0;-;713102877913452544;cs;Thu Mar 24 21:39:09 CET 2016;Sakra,chtÄ›l jsem se v klidu naveÄeÅ™et v zahradÄ›,a pÅ™iÅ¡lo za mnou dvanÃ¡ct sleÄÅ¯. Ale jeden je mi nÄ›jakej divnej. No co,vyhÃ¡nÄ›t ho nebudu.,,,
0;-;713102795763806209;cs;Thu Mar 24 21:38:49 CET 2016;DoufÃ¡m,Å¾e to visÃ­ na trase cesty ÄŒÃ­Åˆana na Hrad a ze mu to pÅ™ijde jako dobrej nÃ¡pad!,,,,,
0;-;"713102603266170880;cs;Thu Mar 24 21:38:04 CET 2016;""Brady 4-5 vole no tak to si dÄ›lÃ¡Å¡ kozy. Ten je Å¡erednej aÅ¾ mi z toho vyschla vagÃ­na."" :DDDDD @liamahnova",,,,,,
0;-;713102772900638721;cs;Thu Mar 24 21:38:44 CET 2016;RT @adusjindrousek: Lidi na kterÃ© chcete zapomenout VÃ¡m vÅ¾dy napÃ­Å¡ou zrovna kdyÅ¾ se mÃ¡te nejlÃ­p.,,,,,,
0;-;713102361586221056;cs;Thu Mar 24 21:37:06 CET 2016;RT @vaclavroucek: Lidi nechÃ¡pou,ale udÄ›lat nÄ›co takovÃ½ho chce fakt koule. Bigup brÃ¡Å¡ko! @NOBODYLISTEN1,,,,,
0;-;713102406033211392;cs;Thu Mar 24 21:37:17 CET 2016;Å½ivot je nÄ›kdy fajn #nafiguru #milaneee #chalka #onionrings #eatclean #healthyfood @ U HlavÃ¡ÄkÅ¯,,,,,,
0;-;713102592235159552;cs;Thu Mar 24 21:38:01 CET 2016;#CZESCO BÄ›hÃ¡nÃ­ dobrÃ½,ÃºÄesy taky dobrÃ½,zkusite taky hrÃ¡t fotbal?,,,,
0;-;713102625076592640;cs;Thu Mar 24 21:38:09 CET 2016;KulaÅ¥Ã¡k mÃ¡ Å¡anci,,,,,,
0;-;713102361221283840;cs;Thu Mar 24 21:37:06 CET 2016;dodateÄnÄ› vÅ¡echno nejlepÅ¡Ã­ ğŸ’œ ğŸ’š @_llamacorn,,,,,,
0;-;713102802562592769;cs;Thu Mar 24 21:38:51 CET 2016;NeprodÃ¡vÃ¡ nÄ›kdo z VÃ¡s ÄernÃ½ iPad mini 3 64GB? ...nutnÄ› bych ho potÅ™eboval,dÃ­ky :(,,,,,
0;-;713102963183587328;cs;Thu Mar 24 21:39:29 CET 2016;NehledÄ› na skÃ³re je to parÃ¡dnÃ­ fotbal! #czevssco,,,,,,
0;-;713103000777203712;cs;Thu Mar 24 21:39:38 CET 2016;@Pietro_70 Taky to nechÃ¡pu.,,,,,,
0;-;713103080020164608;cs;Thu Mar 24 21:39:57 CET 2016;A stejnÄ› jsem se ten mÄ›sÃ­c a pÅ¯l mÄ›la krÃ¡snÄ›. Ale uÅ¾ definitivnÄ› uzavÅ™enÃ¡ kapitola. HezkÃ½ vzpomÃ­nky zÅ¯stanou.,,,,,,
1;sp;"713103095375507456;cs;Thu Mar 24 21:40:01 CET 2016;""Patera ho zastavil a mÅ¯Å¾eme jÃ­t dopÅ™edu ve tÅ™ech ... MORAVEC",DAVID MORAVEC... GOOOOOOOOL!!! GOOOL,GOOOL!!...,,,,
0;-;713103099519496193;cs;Thu Mar 24 21:40:02 CET 2016;@tombed1 KdyÅ¾ nepropadl,musel bÃ½t mimoÅ™Ã¡dnÄ› nadanÃ½..:-),,,,,
0;-;713103195040522240;cs;Thu Mar 24 21:40:25 CET 2016;MÅ¯Å¾e mi prosÃ­m nÄ›kdo z vÃ¡s Å™Ã­ci,co je tohle za trotla?!,,,,,
0;-;713103332978597888;cs;Thu Mar 24 21:40:58 CET 2016;RT @moolker: iPhone SE killer feature? Jak je malÃ½,nenÃ­ tolik pouÅ¾itelnÃ½,ÄlovÄ›k do nÄ›j furt neÄuÄÃ­ a vÃ­c koukÃ¡ na svÄ›t kolem :),,,,
1;po;713103391807766528;cs;Thu Mar 24 21:41:12 CET 2016;MaÄarskÃ¡ vlÃ¡da odsouhlasila balÃ­Äek protiteroristickÃ½ch zÃ¡konÅ¯: MaÄarskÃ¡ vlÃ¡da dala ve stÅ™edu zelenou balÃ­Äku protiteroristickÃ½ch zÃ¡konÅ¯.â€¦,,,,,,
0;-;713103395960274944;cs;Thu Mar 24 21:41:13 CET 2016;VÅ¡ichni si dejme Clavin,aÅ¥ se to gÃ³lovÄ› zvedneâ€¦ Rohatej debil se na nÃ¡s smÄ›je pÅ™i kaÅ¾dÃ©m pÅ™enosuâ€¦ #CZESCO #bezclavinuanijedenporad,,,,,
1;ku;713103395972784128;cs;Thu Mar 24 21:41:13 CET 2016;Orloj,socha JoÅ¡ta i Å pilberk v BrnÄ› zezelenaly. MÅ¯Å¾e za to pivovar: TisÃ­ce lidÃ­ ve Ätvrtek v brnÄ›nskÃ½ch podnicÃ­châ€¦ #Brno_Brno_ZprÃ¡vy,,,,,
0;-;713103398313279488;cs;Thu Mar 24 21:41:13 CET 2016;ZelenÃ© pivo. ZelenÃ½ Ätvrtek. ZelenÃ½ ubrus. Polity mobil. MokrÃ© cigarety. ZtracenÃ© klÃ­Äe. PrÃ¡zdnÃ¡ penÄ›Å¾enka. Sakra :),,,,,,
1;sp;713103400687173633;cs;Thu Mar 24 21:41:14 CET 2016;HokejistÃ© CSKA znovu porazili obhÃ¡jce Gagarinova pohÃ¡ru Petrohrad: I ve druhÃ©m utkÃ¡nÃ­ semifinÃ¡le play-offâ€¦ #Hokej_EvropskÃ©_ligy,,,,,,
0;-;713103404441018368;cs;Thu Mar 24 21:41:15 CET 2016;BoleslavskÃ½ hrdina Hyka: Postup jsme chtÄ›li urvat pro Vejbu: PrvnÃ­m gÃ³lem div Å¾e neprotrhnul sÃ­Å¥ v brÃ¡nÄ›,tÃ­mâ€¦ #Hokej_Extraliga_hokejovÃ¡,,,,,
0;-;713103441585967104;cs;Thu Mar 24 21:41:23 CET 2016;@Vasek_Pilny @MountfieldHK A Vantuch to nezabalil? TakovÃ½ magor by nikomu nechybÄ›l.,,,,,,
1;sp;713103441720123392;cs;Thu Mar 24 21:41:23 CET 2016;HradeckÃ¡ legenda se louÄÃ­... Jarda #Kudrna oznÃ¡mil po utkÃ¡nÃ­ konec svÃ© dlouhÃ© a ÃºspÄ›Å¡nÃ© kariÃ©ry. JARDO,DÄšKUJEME!,,,,,
0;-;713103442198282241;cs;Thu Mar 24 21:41:24 CET 2016;Nahoda? Nemyslim si. ÄŒapÃ­ dobrodruÅ¾stvÃ­ - #capihnizdo #premiere,,,,,,
1;po;713103511379005440;cs;Thu Mar 24 21:41:40 CET 2016;ÄŒR a Francie podle Sobotky odmÃ­tajÃ­ pÅ™erozdÄ›lovÃ¡nÃ­ uprchlÃ­kÅ¯: ÄŒesko a Francie nesouhlasÃ­ s trvalÃ½m pÅ™erozdÄ›lovÃ¡nÃ­m uprchlÃ­kÅ¯ mezi ÄlenskÃ©â€¦,,,,,,
1;po;713103512490487808;cs;Thu Mar 24 21:41:40 CET 2016;Jeden den hejtmanem bude Adam Mitrenga. Michal HaÅ¡ek jej provede po kraji: Adam Mitrenga je novÃ½m hejtmanem JihomoravskÃ©ho kraje. Tedyâ€¦,,,,,,
0;-;"713103513002381312;cs;Thu Mar 24 21:41:40 CET 2016;""Dnes je to klasickÃ¡ ukÃ¡zka fotbalu - naÅ¡i hrajÃ­ dobÅ™e",majÃ­ hru pod kontrolou,"ale prohrÃ¡vajÃ­."" #gratulujeme",,,,
0;-;713103534233923584;cs;Thu Mar 24 21:41:46 CET 2016;RT @veselovskyma: Takze ja jsem se v mladi sebezotrocil! Paneboze,kde se bere ta snaha linkovat ostatnim zivot? #cojevamdotoho #sakra httpâ€¦,,,,,
0;-;713102972914413568;cs;Thu Mar 24 21:39:32 CET 2016;RT @telh_cz: Takhle vypadajÃ­ semifinÃ¡lovÃ© dvojice play-off #TELH. Souboje nejlepÅ¡Ã­ch ÄtyÅ™ech naÄne ÃºternÃ­ #SPAvPLZ!,,,,,,
0;-;713103328989876224;cs;Thu Mar 24 21:40:57 CET 2016;GoldMail.cz - JednÄ›m Å¡etÅ™Ã­,druhÃ½m vydÄ›lÃ¡vÃ¡,,,,,
0;-;713103476050567169;cs;Thu Mar 24 21:41:32 CET 2016;RT @tenDivnej: MÃ­t v prÃ¡ci bazÃ©n,solÃ¡rko,saunu a fitko....to se nÄ›kdo mÃ¡ :),,,,
0;-;713102959475875841;cs;Thu Mar 24 21:39:29 CET 2016;NovÃ½ hit internetu...,,,,,,
0;-;713102901204422656;cs;Thu Mar 24 21:39:15 CET 2016;@diametrozkaa jdi radÅ¡i stÅ™Ã­let ze spanÃ­ ğŸ˜ƒ,,,,,,
0;-;713103396027412480;cs;Thu Mar 24 21:41:13 CET 2016;Trochu opoÅ¾dÄ›nÄ› blahopÅ™eji k 80. narozeninÃ¡m JiÅ™Ã­mu Grygarovi. Tedy mnoho zdravÃ­ a ÃºspÄ›chÅ¯ v Å¾ivotÄ› i prÃ¡ci.,,,,,,
0;-;713103102795186178;cs;Thu Mar 24 21:40:03 CET 2016;@TMobile_Podpora ParÃ¡da,dÃ­ky moc! HezkÃ½ zbytek dne nebo noci i vÃ¡m :-),,,,,
0;-;713103555725537280;cs;Thu Mar 24 21:41:51 CET 2016;PETR #ÄŒÃSLAVA burcuje pÅ™ed #PCEvKVA: â€Je to jen o nÃ¡s. Jdeme to oddÅ™Ã­t a prostÄ› vyhrÃ¡t!â€œ  â†’,,,,,,
0;-;713103563480821761;cs;Thu Mar 24 21:41:53 CET 2016;RT @lukashanusek: Nik Collection od teÄ zdarma! #fotocz,,,,,,
0;-;713103617318891520;cs;Thu Mar 24 21:42:05 CET 2016;@kucera02 PÅ™esnÄ› tÃ¡Ã¡Ã¡k!,,,,,,
0;-;713103625250275329;cs;Thu Mar 24 21:42:07 CET 2016;PÅ™idal(a) jsem do alba â€ZelenÃ© pivo 24.3.2016 Kladnoâ€œ na Facebooku fotky (10),,,,,,
0;-;"713103659232534530;cs;Thu Mar 24 21:42:15 CET 2016;@Posledniskaut @VeraKobalia ProstÄ› takovÃ¡ vlÃ¡dnÃ­ ""bÃ½valka"". Tak to na tom nebude asi Å¡patnÄ›. SoudÄ› podle naÅ¡ich zkuÅ¡enostÃ­.",,,,,,
0;-;713103664672587776;cs;Thu Mar 24 21:42:17 CET 2016;RT @MichalLangmajer: $1 co uÅ¡etÅ™Ã­te ve vÃ½zkumu vÃ¡s stojÃ­ $10 v designu a $100 ve vÃ½voji. #ux,,,,,,
0;-;713103721446645760;cs;Thu Mar 24 21:42:30 CET 2016;Dobrou noc,mÅ¯j ÄarodÄ›ji,slyÅ¡ svou vÃ­lu,slyÅ¡,jak Å¡tkÃ¡. SlyÅ¡,jak plÃ¡Äe v beznadÄ›ji,noc jÃ­ truchlorouÅ¡ku tkÃ¡....
0;-;713103749313593344;cs;Thu Mar 24 21:42:37 CET 2016;RT @pachollini: KamarÃ¡dka dnes nechala ve vlaku do Prahy v Kralupech MacBook Air. Kdybyste se vÃ¡m o nÄ›m nÄ›co doneslo,dejte prosÃ­m vÄ›dÄ›t. Dâ€¦,,,,,
1;po;713103937000316928;cs;Thu Mar 24 21:43:22 CET 2016;@pavelkout @fnemecek69 @IlonaJaniov @RadekNohl Psali cosi o tom,Å¾e VÃ­t BÃ¡rta formuje Å¡irokÃ© uskupenÃ­,ne? :-),,,,
0;-;713103937033867265;cs;Thu Mar 24 21:43:22 CET 2016;-JÃ¡ jsem Jebal,s manÅ¾elkou,dcerou,synem a psem. -MnÄ› je u prd,co jste kdo s kÃ½m. ZapÃ­Å¡u vÃ¡s tu jako jednu zkurvenou rodinu. @Glogl_com,,
0;-;713103958701686784;cs;Thu Mar 24 21:43:27 CET 2016;@petr_sveceny to uÅ¾ snad smÃ­ aÅ¾ po desÃ¡tÃ© hodinÄ›?,,,,,,
1;po;713103959523610624;cs;Thu Mar 24 21:43:27 CET 2016;PromÄ›nlivÄ›jÅ¡Ã­ poÄasÃ­ a stÅ™Ã­dajÃ­cÃ­ se teploty k pÅ™elomu bÅ™ezna a dubna patÅ™Ã­. PÅ™esnÄ› takovÃ© poÄasÃ­ nÃ¡s ÄekÃ¡ v...,,,,,,
0;-;713104021918232576;cs;Thu Mar 24 21:43:42 CET 2016;Kdo postoupÃ­ do finÃ¡le @telh_cz?,,,,,,
0;-;713104051806867456;cs;Thu Mar 24 21:43:49 CET 2016;PoÅ™ad bude moÅ¾nÃ© pÅ™ehrÃ¡t do 29. 3. 2016.,,,,,,
1;sp;713104071016779777;cs;Thu Mar 24 21:43:54 CET 2016;ChudÃ¡k @davidkozohorsky. Jistotu toho,kdo prohrÃ¡l souboj pÅ™ed naÅ¡Ã­m gÃ³lem,mu nedal ani KadeÅ™Ã¡bek. Ale otÃ¡zka to byla vÃ½Å¾ivnÃ¡! #CZESCO,,,,